geo_GSE_SYNTH_0,geo_GSE_SYNTH_1,geo_GSE_SYNTH_2,mean_importance
0.024114709342107656,0.024114709342107656,0.024114709342107656,0.024114709342107656
0.019963756291633546,0.019963756291633546,0.019963756291633546,0.019963756291633546
0.019076637301371775,0.019076637301371775,0.019076637301371775,0.019076637301371775
0.018674852503333506,0.018674852503333506,0.018674852503333506,0.018674852503333506
0.017104782323940228,0.017104782323940228,0.017104782323940228,0.017104782323940228
0.015208135289697581,0.015208135289697581,0.015208135289697581,0.015208135289697581
0.014268928607147733,0.014268928607147733,0.014268928607147733,0.014268928607147733
0.013291297515873785,0.013291297515873785,0.013291297515873785,0.013291297515873787
0.013162698859134792,0.013162698859134792,0.013162698859134792,0.013162698859134792
0.013162476957969398,0.013162476957969398,0.013162476957969398,0.013162476957969398
0.013066641992443511,0.013066641992443511,0.013066641992443511,0.013066641992443511
0.012647550072000828,0.012647550072000828,0.012647550072000828,0.012647550072000828
0.012612724867724866,0.012612724867724866,0.012612724867724866,0.012612724867724865
0.011339296953379888,0.011339296953379888,0.011339296953379888,0.011339296953379888
0.010782087443575752,0.010782087443575752,0.010782087443575752,0.01078208744357575
0.010742488443759617,0.010742488443759617,0.010742488443759617,0.010742488443759616
0.01062647744951962,0.01062647744951962,0.01062647744951962,0.01062647744951962
0.010608006596477725,0.010608006596477725,0.010608006596477725,0.010608006596477725
0.010401132189611416,0.010401132189611416,0.010401132189611416,0.010401132189611416
0.01021974951453835,0.01021974951453835,0.01021974951453835,0.01021974951453835
0.010099692577953439,0.010099692577953439,0.010099692577953439,0.010099692577953439
0.009999999999999995,0.009999999999999995,0.009999999999999995,0.009999999999999995
0.009134929562640406,0.009134929562640406,0.009134929562640406,0.009134929562640406
0.009035351078635439,0.009035351078635439,0.009035351078635439,0.009035351078635439
0.00880803060117335,0.00880803060117335,0.00880803060117335,0.00880803060117335
0.008113359800106787,0.008113359800106787,0.008113359800106787,0.008113359800106787
0.008106471117212804,0.008106471117212804,0.008106471117212804,0.008106471117212804
0.008101515320740042,0.008101515320740042,0.008101515320740042,0.008101515320740042
0.00808638655462185,0.00808638655462185,0.00808638655462185,0.00808638655462185
0.00766489664220118,0.00766489664220118,0.00766489664220118,0.007664896642201181
0.0075912873004857695,0.0075912873004857695,0.0075912873004857695,0.0075912873004857695
0.007026382521227881,0.007026382521227881,0.007026382521227881,0.007026382521227881
0.006941472193196327,0.006941472193196327,0.006941472193196327,0.006941472193196327
0.006894912803831207,0.006894912803831207,0.006894912803831207,0.006894912803831207
0.006818436536845049,0.006818436536845049,0.006818436536845049,0.006818436536845049
0.006810056810056811,0.006810056810056811,0.006810056810056811,0.006810056810056811
0.006797366104150127,0.006797366104150127,0.006797366104150127,0.006797366104150128
0.006690400843881854,0.006690400843881854,0.006690400843881854,0.006690400843881855
0.00662609559953013,0.00662609559953013,0.00662609559953013,0.00662609559953013
0.006434599156118143,0.006434599156118143,0.006434599156118143,0.006434599156118143
0.006239999999999998,0.006239999999999998,0.006239999999999998,0.006239999999999998
0.005841423948220066,0.005841423948220066,0.005841423948220066,0.005841423948220066
0.005727513227513227,0.005727513227513227,0.005727513227513227,0.005727513227513227
0.005711143695014661,0.005711143695014661,0.005711143695014661,0.005711143695014661
0.005687398119122251,0.005687398119122251,0.005687398119122251,0.005687398119122251
0.005617886178861788,0.005617886178861788,0.005617886178861788,0.005617886178861788
0.005554271528847802,0.005554271528847802,0.005554271528847802,0.005554271528847802
0.005417367420933076,0.005417367420933076,0.005417367420933076,0.005417367420933076
0.005350749765698223,0.005350749765698223,0.005350749765698223,0.005350749765698223
0.005305226174791391,0.005305226174791391,0.005305226174791391,0.00530522617479139
0.005302254196642684,0.005302254196642684,0.005302254196642684,0.005302254196642684
0.005149150439098893,0.005149150439098893,0.005149150439098893,0.005149150439098893
0.005,0.005,0.005,0.005
0.004999999999999996,0.004999999999999996,0.004999999999999996,0.004999999999999996
0.004999999999999996,0.004999999999999996,0.004999999999999996,0.004999999999999996
0.004975034020835548,0.004975034020835548,0.004975034020835548,0.004975034020835548
0.004972870320130221,0.004972870320130221,0.004972870320130221,0.004972870320130221
0.004963003952569165,0.004963003952569165,0.004963003952569165,0.004963003952569165
0.0049286786786786815,0.0049286786786786815,0.0049286786786786815,0.0049286786786786815
0.0049242942942942895,0.0049242942942942895,0.0049242942942942895,0.0049242942942942895
0.0049041394335511985,0.0049041394335511985,0.0049041394335511985,0.0049041394335511985
0.004876201034737621,0.004876201034737621,0.004876201034737621,0.004876201034737621
0.004812477439289775,0.004812477439289775,0.004812477439289775,0.004812477439289775
0.0046587301587301564,0.0046587301587301564,0.0046587301587301564,0.0046587301587301564
0.0046219797338634535,0.0046219797338634535,0.0046219797338634535,0.0046219797338634535
0.004400793650793648,0.004400793650793648,0.004400793650793648,0.004400793650793648
0.004369855149266914,0.004369855149266914,0.004369855149266914,0.004369855149266914
0.0043679984137999376,0.0043679984137999376,0.0043679984137999376,0.0043679984137999376
0.0043537632175553375,0.0043537632175553375,0.0043537632175553375,0.0043537632175553375
0.004343354430379751,0.004343354430379751,0.004343354430379751,0.004343354430379751
0.0043208806294285215,0.0043208806294285215,0.0043208806294285215,0.0043208806294285215
0.004320359737728364,0.004320359737728364,0.004320359737728364,0.004320359737728364
0.004291854293317718,0.004291854293317718,0.004291854293317718,0.004291854293317718
0.004288856304985336,0.004288856304985336,0.004288856304985336,0.004288856304985336
0.004271106549587559,0.004271106549587559,0.004271106549587559,0.004271106549587559
0.004260504201680673,0.004260504201680673,0.004260504201680673,0.004260504201680673
0.00421296296296296,0.00421296296296296,0.00421296296296296,0.00421296296296296
0.004212962962962958,0.004212962962962958,0.004212962962962958,0.004212962962962958
0.004170301031805126,0.004170301031805126,0.004170301031805126,0.004170301031805126
0.003971386634628465,0.003971386634628465,0.003971386634628465,0.003971386634628465
0.003949496420212773,0.003949496420212773,0.003949496420212773,0.003949496420212773
0.003852855598426114,0.003852855598426114,0.003852855598426114,0.0038528555984261143
0.0038460273782946557,0.0038460273782946557,0.0038460273782946557,0.0038460273782946557
0.0037919960474308333,0.0037919960474308333,0.0037919960474308333,0.0037919960474308337
0.0037887096582748746,0.0037887096582748746,0.0037887096582748746,0.0037887096582748746
0.003750000000000002,0.003750000000000002,0.003750000000000002,0.003750000000000002
0.003749999999999998,0.003749999999999998,0.003749999999999998,0.003749999999999998
0.0036786786786786774,0.0036786786786786774,0.0036786786786786774,0.0036786786786786774
0.0036786786786786774,0.0036786786786786774,0.0036786786786786774,0.0036786786786786774
0.0036666666666666666,0.0036666666666666666,0.0036666666666666666,0.0036666666666666666
0.0036666666666666653,0.0036666666666666653,0.0036666666666666653,0.0036666666666666653
0.003653712699514232,0.003653712699514232,0.003653712699514232,0.0036537126995142325
0.0036335403726708067,0.0036335403726708067,0.0036335403726708067,0.0036335403726708067
0.0036335403726708033,0.0036335403726708033,0.0036335403726708033,0.0036335403726708033
0.003565400843881854,0.003565400843881854,0.003565400843881854,0.0035654008438818544
0.0035606359197052364,0.0035606359197052364,0.0035606359197052364,0.0035606359197052364
0.0035593220338983062,0.0035593220338983062,0.0035593220338983062,0.0035593220338983062
0.003542108987968859,0.003542108987968859,0.003542108987968859,0.0035421089879688595
0.003533450350136215,0.003533450350136215,0.003533450350136215,0.003533450350136215
0.0033599999999999997,0.0033599999999999997,0.0033599999999999997,0.0033599999999999997
0.0033599999999999993,0.0033599999999999993,0.0033599999999999993,0.0033599999999999997
0.0033599999999999945,0.0033599999999999945,0.0033599999999999945,0.0033599999999999945
0.003348803348803351,0.003348803348803351,0.003348803348803351,0.0033488033488033504
0.003348694316436254,0.003348694316436254,0.003348694316436254,0.0033486943164362537
0.003348694316436253,0.003348694316436253,0.003348694316436253,0.003348694316436253
0.0032494258964847213,0.0032494258964847213,0.0032494258964847213,0.0032494258964847213
0.003189523809523803,0.003189523809523803,0.003189523809523803,0.003189523809523803
0.0031740601360854552,0.0031740601360854552,0.0031740601360854552,0.0031740601360854552
0.003128336253616395,0.003128336253616395,0.003128336253616395,0.0031283362536163955
0.003125000000000001,0.003125000000000001,0.003125000000000001,0.003125000000000001
0.0031249999999999963,0.0031249999999999963,0.0031249999999999963,0.0031249999999999963
0.003113359800106792,0.003113359800106792,0.003113359800106792,0.0031133598001067916
0.0031038359788359772,0.0031038359788359772,0.0031038359788359772,0.0031038359788359772
0.0031038359788359763,0.0031038359788359763,0.0031038359788359763,0.0031038359788359763
0.0031038359788359755,0.0031038359788359755,0.0031038359788359755,0.0031038359788359755
0.0030952380952380897,0.0030952380952380897,0.0030952380952380897,0.0030952380952380897
0.0030939311880226715,0.0030939311880226715,0.0030939311880226715,0.0030939311880226715
0.0030830039525691693,0.0030830039525691693,0.0030830039525691693,0.003083003952569169
0.0030830039525691667,0.0030830039525691667,0.0030830039525691667,0.0030830039525691667
0.0030570042449969666,0.0030570042449969666,0.0030570042449969666,0.003057004244996967
0.0030570042449969653,0.0030570042449969653,0.0030570042449969653,0.0030570042449969653
0.003053591470258141,0.003053591470258141,0.003053591470258141,0.003053591470258141
0.0030232558139534843,0.0030232558139534843,0.0030232558139534843,0.0030232558139534848
0.002971093083452635,0.002971093083452635,0.002971093083452635,0.002971093083452635
0.0029629629629629632,0.0029629629629629632,0.0029629629629629632,0.0029629629629629637
0.002956895379511029,0.002956895379511029,0.002956895379511029,0.002956895379511029
0.002906504065040646,0.002906504065040646,0.002906504065040646,0.002906504065040646
0.002892490168149282,0.002892490168149282,0.002892490168149282,0.002892490168149282
0.0028636363636363633,0.0028636363636363633,0.0028636363636363633,0.0028636363636363633
0.0028022089886496687,0.0028022089886496687,0.0028022089886496687,0.0028022089886496683
0.002777777777777782,0.002777777777777782,0.002777777777777782,0.002777777777777782
0.0027777777777777766,0.0027777777777777766,0.0027777777777777766,0.0027777777777777766
0.0026878878810611745,0.0026878878810611745,0.0026878878810611745,0.002687887881061174
0.0026799590103937882,0.0026799590103937882,0.0026799590103937882,0.002679959010393788
0.002677063027940223,0.002677063027940223,0.002677063027940223,0.002677063027940223
0.0026344086021505386,0.0026344086021505386,0.0026344086021505386,0.0026344086021505386
0.0026344086021505373,0.0026344086021505373,0.0026344086021505373,0.0026344086021505373
0.0026262626262626267,0.0026262626262626267,0.0026262626262626267,0.002626262626262627
0.0026075132275132323,0.0026075132275132323,0.0026075132275132323,0.0026075132275132323
0.0025673981191222583,0.0025673981191222583,0.0025673981191222583,0.0025673981191222583
0.002557627506671341,0.002557627506671341,0.002557627506671341,0.002557627506671341
0.0025356945467944012,0.0025356945467944012,0.0025356945467944012,0.0025356945467944012
0.00252657004830918,0.00252657004830918,0.00252657004830918,0.00252657004830918
0.0025099206349206327,0.0025099206349206327,0.0025099206349206327,0.0025099206349206327
0.0024609539841824097,0.0024609539841824097,0.0024609539841824097,0.0024609539841824097
0.0024375000000000004,0.0024375000000000004,0.0024375000000000004,0.0024375000000000004
0.002410729703857332,0.002410729703857332,0.002410729703857332,0.002410729703857332
0.0023935185185185196,0.0023935185185185196,0.0023935185185185196,0.0023935185185185196
0.0023887523887523915,0.0023887523887523915,0.0023887523887523915,0.0023887523887523915
0.002373737373737372,0.002373737373737372,0.002373737373737372,0.002373737373737372
0.0023542857142857167,0.0023542857142857167,0.0023542857142857167,0.0023542857142857167
0.0023229369720597763,0.0023229369720597763,0.0023229369720597763,0.0023229369720597763
0.0022588985088985076,0.0022588985088985076,0.0022588985088985076,0.0022588985088985076
0.0022222222222222222,0.0022222222222222222,0.0022222222222222222,0.0022222222222222222
0.002222222222222221,0.002222222222222221,0.002222222222222221,0.002222222222222221
0.0021363636363636368,0.0021363636363636368,0.0021363636363636368,0.0021363636363636368
0.002136363636363634,0.002136363636363634,0.002136363636363634,0.002136363636363634
0.0021292851292851276,0.0021292851292851276,0.0021292851292851276,0.0021292851292851276
0.0021120400976516068,0.0021120400976516068,0.0021120400976516068,0.0021120400976516068
0.002078455139631608,0.002078455139631608,0.002078455139631608,0.002078455139631608
0.0020490196078431356,0.0020490196078431356,0.0020490196078431356,0.0020490196078431356
0.002041793708633895,0.002041793708633895,0.002041793708633895,0.002041793708633895
0.0020412457912457917,0.0020412457912457917,0.0020412457912457917,0.0020412457912457917
0.002037463771074009,0.002037463771074009,0.002037463771074009,0.002037463771074009
0.0020224719101123593,0.0020224719101123593,0.0020224719101123593,0.0020224719101123593
0.001982745098039218,0.001982745098039218,0.001982745098039218,0.001982745098039218
0.001979828042328043,0.001979828042328043,0.001979828042328043,0.001979828042328043
0.001976744186046521,0.001976744186046521,0.001976744186046521,0.001976744186046521
0.001961707470182046,0.001961707470182046,0.001961707470182046,0.001961707470182046
0.0019613313313313315,0.0019613313313313315,0.0019613313313313315,0.0019613313313313315
0.00191699604743083,0.00191699604743083,0.00191699604743083,0.00191699604743083
0.0019169960474308293,0.0019169960474308293,0.0019169960474308293,0.0019169960474308293
0.001904761904761906,0.001904761904761906,0.001904761904761906,0.0019047619047619063
0.001904761904761904,0.001904761904761904,0.001904761904761904,0.001904761904761904
0.0018800000000000006,0.0018800000000000006,0.0018800000000000006,0.0018800000000000006
0.0018799999999999978,0.0018799999999999978,0.0018799999999999978,0.0018799999999999978
0.0018749999999999986,0.0018749999999999986,0.0018749999999999986,0.0018749999999999988
0.0018571428571428595,0.0018571428571428595,0.0018571428571428595,0.0018571428571428595
0.0018108729924183806,0.0018108729924183806,0.0018108729924183806,0.0018108729924183806
0.0018017185623209842,0.0018017185623209842,0.0018017185623209842,0.0018017185623209842
0.0017306707629288257,0.0017306707629288257,0.0017306707629288257,0.0017306707629288255
0.0017214581858630768,0.0017214581858630768,0.0017214581858630768,0.0017214581858630768
0.0016931216931216925,0.0016931216931216925,0.0016931216931216925,0.0016931216931216925
0.0016680316680316631,0.0016680316680316631,0.0016680316680316631,0.0016680316680316631
0.0016400000000000093,0.0016400000000000093,0.0016400000000000093,0.0016400000000000093
0.0016400000000000006,0.0016400000000000006,0.0016400000000000006,0.0016400000000000006
0.0016386554621848726,0.0016386554621848726,0.0016386554621848726,0.0016386554621848723
0.0016386554621848726,0.0016386554621848726,0.0016386554621848726,0.0016386554621848723
0.001628707627118643,0.001628707627118643,0.001628707627118643,0.001628707627118643
0.0016161616161616127,0.0016161616161616127,0.0016161616161616127,0.0016161616161616127
0.0015588235294117653,0.0015588235294117653,0.0015588235294117653,0.0015588235294117653
0.0015530303030303028,0.0015530303030303028,0.0015530303030303028,0.0015530303030303028
0.0014670090258325596,0.0014670090258325596,0.0014670090258325596,0.0014670090258325594
0.0014406779661016939,0.0014406779661016939,0.0014406779661016939,0.0014406779661016939
0.0014345991561181437,0.0014345991561181437,0.0014345991561181437,0.0014345991561181437
0.0014345991561181429,0.0014345991561181429,0.0014345991561181429,0.0014345991561181429
0.0014264264264264282,0.0014264264264264282,0.0014264264264264282,0.001426426426426428
0.0013664596273291916,0.0013664596273291916,0.0013664596273291916,0.0013664596273291916
0.0013462873004857728,0.0013462873004857728,0.0013462873004857728,0.0013462873004857726
0.0013460643299352973,0.0013460643299352973,0.0013460643299352973,0.0013460643299352973
0.0013406263406263463,0.0013406263406263463,0.0013406263406263463,0.0013406263406263465
0.0013333333333333391,0.0013333333333333391,0.0013333333333333391,0.0013333333333333391
0.0013333333333333344,0.0013333333333333344,0.0013333333333333344,0.0013333333333333346
0.0013333333333333342,0.0013333333333333342,0.0013333333333333342,0.0013333333333333342
0.001333333333333333,0.001333333333333333,0.001333333333333333,0.001333333333333333
0.0013333333333333322,0.0013333333333333322,0.0013333333333333322,0.0013333333333333322
0.0013305329719963826,0.0013305329719963826,0.0013305329719963826,0.0013305329719963826
0.0013285396336243805,0.0013285396336243805,0.0013285396336243805,0.0013285396336243805
0.0013261000602772756,0.0013261000602772756,0.0013261000602772756,0.0013261000602772756
0.001321321321321321,0.001321321321321321,0.001321321321321321,0.0013213213213213212
0.0013179723502304164,0.0013179723502304164,0.0013179723502304164,0.0013179723502304164
0.0013179723502304147,0.0013179723502304147,0.0013179723502304147,0.0013179723502304147
0.0013095238095238082,0.0013095238095238082,0.0013095238095238082,0.0013095238095238082
0.0013043478260869558,0.0013043478260869558,0.0013043478260869558,0.0013043478260869558
0.0012960235640648008,0.0012960235640648008,0.0012960235640648008,0.0012960235640648008
0.0012500000000000018,0.0012500000000000018,0.0012500000000000018,0.0012500000000000018
0.0012371134020618551,0.0012371134020618551,0.0012371134020618551,0.0012371134020618551
0.001222222222222222,0.001222222222222222,0.001222222222222222,0.001222222222222222
0.0012113402061855695,0.0012113402061855695,0.0012113402061855695,0.0012113402061855695
0.001211340206185569,0.001211340206185569,0.001211340206185569,0.001211340206185569
0.0012058523524161697,0.0012058523524161697,0.0012058523524161697,0.0012058523524161697
0.0012058523524161662,0.0012058523524161662,0.0012058523524161662,0.0012058523524161662
0.0011967592592592648,0.0011967592592592648,0.0011967592592592648,0.0011967592592592648
0.0011967592592592585,0.0011967592592592585,0.0011967592592592585,0.0011967592592592585
0.001180479493732506,0.001180479493732506,0.001180479493732506,0.001180479493732506
0.0011804794937325038,0.0011804794937325038,0.0011804794937325038,0.0011804794937325038
0.001179718875502007,0.001179718875502007,0.001179718875502007,0.001179718875502007
0.0011742942942942934,0.0011742942942942934,0.0011742942942942934,0.0011742942942942934
0.0011742942942942918,0.0011742942942942918,0.0011742942942942918,0.0011742942942942918
0.0011607142857142899,0.0011607142857142899,0.0011607142857142899,0.0011607142857142899
0.001112974404236547,0.001112974404236547,0.001112974404236547,0.001112974404236547
0.0010476190476190468,0.0010476190476190468,0.0010476190476190468,0.0010476190476190468
0.0008355978260869578,0.0008355978260869578,0.0008355978260869578,0.0008355978260869578
0.0008355978260869557,0.0008355978260869557,0.0008355978260869557,0.0008355978260869557
0.0007870370370370385,0.0007870370370370385,0.0007870370370370385,0.0007870370370370385
0.0007870370370370368,0.0007870370370370368,0.0007870370370370368,0.0007870370370370369
0.00073949579831934,0.00073949579831934,0.00073949579831934,0.00073949579831934
0.0007394957983193287,0.0007394957983193287,0.0007394957983193287,0.0007394957983193287
0.0007299270072992707,0.0007299270072992707,0.0007299270072992707,0.0007299270072992707
0.0007275132275132274,0.0007275132275132274,0.0007275132275132274,0.0007275132275132274
0.0007142857142857194,0.0007142857142857194,0.0007142857142857194,0.0007142857142857194
0.0007142857142857146,0.0007142857142857146,0.0007142857142857146,0.0007142857142857146
0.0007142857142857134,0.0007142857142857134,0.0007142857142857134,0.0007142857142857134
0.0007111436950146635,0.0007111436950146635,0.0007111436950146635,0.0007111436950146635
0.0007111436950146619,0.0007111436950146619,0.0007111436950146619,0.0007111436950146618
0.0007102502017756259,0.0007102502017756259,0.0007102502017756259,0.000710250201775626
0.0007061607061607091,0.0007061607061607091,0.0007061607061607091,0.0007061607061607092
0.0007061607061607066,0.0007061607061607066,0.0007061607061607066,0.0007061607061607066
0.000706160706160705,0.000706160706160705,0.000706160706160705,0.000706160706160705
0.0007058823529411802,0.0007058823529411802,0.0007058823529411802,0.0007058823529411802
0.0007057057057057087,0.0007057057057057087,0.0007057057057057087,0.0007057057057057087
0.000705705705705708,0.000705705705705708,0.000705705705705708,0.000705705705705708
0.0007057057057057069,0.0007057057057057069,0.0007057057057057069,0.0007057057057057069
0.0007057057057057055,0.0007057057057057055,0.0007057057057057055,0.0007057057057057054
0.0006994047619047697,0.0006994047619047697,0.0006994047619047697,0.0006994047619047697
0.0006994047619047622,0.0006994047619047622,0.0006994047619047622,0.0006994047619047622
0.0006994047619047618,0.0006994047619047618,0.0006994047619047618,0.0006994047619047618
0.0006589618815896214,0.0006589618815896214,0.0006589618815896214,0.0006589618815896215
8.992067860407948e-18,8.992067860407948e-18,8.992067860407948e-18,8.992067860407948e-18
7.771561172376093e-18,7.771561172376093e-18,7.771561172376093e-18,7.771561172376093e-18
7.70344309302638e-18,7.70344309302638e-18,7.70344309302638e-18,7.70344309302638e-18
7.173545436950713e-18,7.173545436950713e-18,7.173545436950713e-18,7.173545436950713e-18
6.693040320365521e-18,6.693040320365521e-18,6.693040320365521e-18,6.693040320365521e-18
6.396999332363991e-18,6.396999332363991e-18,6.396999332363991e-18,6.396999332363991e-18
5.709718412357947e-18,5.709718412357947e-18,5.709718412357947e-18,5.709718412357946e-18
5.205949631495525e-18,5.205949631495525e-18,5.205949631495525e-18,5.205949631495525e-18
4.99447857918597e-18,4.99447857918597e-18,4.99447857918597e-18,4.99447857918597e-18
4.645856349200653e-18,4.645856349200653e-18,4.645856349200653e-18,4.6458563492006534e-18
4.5689947551881425e-18,4.5689947551881425e-18,4.5689947551881425e-18,4.5689947551881425e-18
4.355490327375612e-18,4.355490327375612e-18,4.355490327375612e-18,4.355490327375612e-18
4.099285014000579e-18,4.099285014000579e-18,4.099285014000579e-18,4.099285014000579e-18
3.8634134556553045e-18,3.8634134556553045e-18,3.8634134556553045e-18,3.8634134556553045e-18
3.715848490582154e-18,3.715848490582154e-18,3.715848490582154e-18,3.715848490582154e-18
3.514412278417162e-18,3.514412278417162e-18,3.514412278417162e-18,3.514412278417162e-18
3.3470593127782495e-18,3.3470593127782495e-18,3.3470593127782495e-18,3.34705931277825e-18
3.220866796714737e-18,3.220866796714737e-18,3.220866796714737e-18,3.220866796714737e-18
2.9036602182504085e-18,2.9036602182504085e-18,2.9036602182504085e-18,2.903660218250409e-18
2.6358092088128726e-18,2.6358092088128726e-18,2.6358092088128726e-18,2.6358092088128726e-18
2.516505522483687e-18,2.516505522483687e-18,2.516505522483687e-18,2.516505522483687e-18
2.484784864637254e-18,2.484784864637254e-18,2.484784864637254e-18,2.4847848646372542e-18
2.3261815754050894e-18,2.3261815754050894e-18,2.3261815754050894e-18,2.3261815754050894e-18
2.2204460492503127e-18,2.2204460492503127e-18,2.2204460492503127e-18,2.2204460492503127e-18
2.2204460492503112e-18,2.2204460492503112e-18,2.2204460492503112e-18,2.2204460492503112e-18
2.1600257485904394e-18,2.1600257485904394e-18,2.1600257485904394e-18,2.1600257485904394e-18
2.0325621527752856e-18,2.0325621527752856e-18,2.0325621527752856e-18,2.0325621527752856e-18
1.9683074868812285e-18,1.9683074868812285e-18,1.9683074868812285e-18,1.9683074868812285e-18
1.887379141862765e-18,1.887379141862765e-18,1.887379141862765e-18,1.887379141862765e-18
1.8408826220280376e-18,1.8408826220280376e-18,1.8408826220280376e-18,1.8408826220280376e-18
1.7975039446312053e-18,1.7975039446312053e-18,1.7975039446312053e-18,1.7975039446312053e-18
1.7770469547224717e-18,1.7770469547224717e-18,1.7770469547224717e-18,1.7770469547224717e-18
1.70803542250024e-18,1.70803542250024e-18,1.70803542250024e-18,1.70803542250024e-18
1.6999019204883336e-18,1.6999019204883336e-18,1.6999019204883336e-18,1.6999019204883336e-18
1.6735296563891251e-18,1.6735296563891251e-18,1.6735296563891251e-18,1.6735296563891251e-18
1.6724513511981515e-18,1.6724513511981515e-18,1.6724513511981515e-18,1.6724513511981517e-18
1.622633651375228e-18,1.622633651375228e-18,1.622633651375228e-18,1.622633651375228e-18
1.6226336513752272e-18,1.6226336513752272e-18,1.6226336513752272e-18,1.6226336513752272e-18
1.5372318802502164e-18,1.5372318802502164e-18,1.5372318802502164e-18,1.5372318802502164e-18
1.5372318802502164e-18,1.5372318802502164e-18,1.5372318802502164e-18,1.5372318802502164e-18
1.537231880250216e-18,1.537231880250216e-18,1.537231880250216e-18,1.537231880250216e-18
1.5052062160783381e-18,1.5052062160783381e-18,1.5052062160783381e-18,1.5052062160783383e-18
1.495402441331843e-18,1.495402441331843e-18,1.495402441331843e-18,1.495402441331843e-18
1.3379610809585212e-18,1.3379610809585212e-18,1.3379610809585212e-18,1.3379610809585212e-18
1.1055582220006809e-18,1.1055582220006809e-18,1.1055582220006809e-18,1.1055582220006809e-18
1.0248212535001444e-18,1.0248212535001444e-18,1.0248212535001444e-18,1.0248212535001444e-18
1.004117793833475e-18,1.004117793833475e-18,1.004117793833475e-18,1.004117793833475e-18
1.0041177938334746e-18,1.0041177938334746e-18,1.0041177938334746e-18,1.0041177938334746e-18
1.0034708107188913e-18,1.0034708107188913e-18,1.0034708107188913e-18,1.0034708107188913e-18
6.646233072585972e-19,6.646233072585972e-19,6.646233072585972e-19,6.646233072585972e-19
6.646233072585969e-19,6.646233072585969e-19,6.646233072585969e-19,6.646233072585969e-19
6.215967295159602e-19,6.215967295159602e-19,6.215967295159602e-19,6.215967295159601e-19
6.2119621615931365e-19,6.2119621615931365e-19,6.2119621615931365e-19,6.2119621615931365e-19
3.76544172687553e-19,3.76544172687553e-19,3.76544172687553e-19,3.76544172687553e-19
3.765441726875528e-19,3.765441726875528e-19,3.765441726875528e-19,3.765441726875528e-19
0.0,0.0,0.0,0.0
0.0,0.0,0.0,0.0
0.0,0.0,0.0,0.0
0.0,0.0,0.0,0.0
0.0,0.0,0.0,0.0
0.0,0.0,0.0,0.0
0.0,0.0,0.0,0.0
0.0,0.0,0.0,0.0
0.0,0.0,0.0,0.0
0.0,0.0,0.0,0.0
0.0,0.0,0.0,0.0
0.0,0.0,0.0,0.0
0.0,0.0,0.0,0.0
0.0,0.0,0.0,0.0
0.0,0.0,0.0,0.0
0.0,0.0,0.0,0.0
0.0,0.0,0.0,0.0
0.0,0.0,0.0,0.0
0.0,0.0,0.0,0.0
0.0,0.0,0.0,0.0
0.0,0.0,0.0,0.0
0.0,0.0,0.0,0.0
0.0,0.0,0.0,0.0
0.0,0.0,0.0,0.0
0.0,0.0,0.0,0.0
0.0,0.0,0.0,0.0
0.0,0.0,0.0,0.0
0.0,0.0,0.0,0.0
0.0,0.0,0.0,0.0
0.0,0.0,0.0,0.0
0.0,0.0,0.0,0.0
0.0,0.0,0.0,0.0
0.0,0.0,0.0,0.0
0.0,0.0,0.0,0.0
0.0,0.0,0.0,0.0
0.0,0.0,0.0,0.0
0.0,0.0,0.0,0.0
0.0,0.0,0.0,0.0
0.0,0.0,0.0,0.0
0.0,0.0,0.0,0.0
0.0,0.0,0.0,0.0
0.0,0.0,0.0,0.0
0.0,0.0,0.0,0.0
0.0,0.0,0.0,0.0
0.0,0.0,0.0,0.0
0.0,0.0,0.0,0.0
0.0,0.0,0.0,0.0
0.0,0.0,0.0,0.0
0.0,0.0,0.0,0.0
0.0,0.0,0.0,0.0
0.0,0.0,0.0,0.0
0.0,0.0,0.0,0.0
0.0,0.0,0.0,0.0
0.0,0.0,0.0,0.0
0.0,0.0,0.0,0.0
0.0,0.0,0.0,0.0
0.0,0.0,0.0,0.0
0.0,0.0,0.0,0.0
0.0,0.0,0.0,0.0
0.0,0.0,0.0,0.0
0.0,0.0,0.0,0.0
0.0,0.0,0.0,0.0
0.0,0.0,0.0,0.0
0.0,0.0,0.0,0.0
0.0,0.0,0.0,0.0
0.0,0.0,0.0,0.0
0.0,0.0,0.0,0.0
0.0,0.0,0.0,0.0
0.0,0.0,0.0,0.0
0.0,0.0,0.0,0.0
0.0,0.0,0.0,0.0
0.0,0.0,0.0,0.0
0.0,0.0,0.0,0.0
0.0,0.0,0.0,0.0
0.0,0.0,0.0,0.0
0.0,0.0,0.0,0.0
0.0,0.0,0.0,0.0
0.0,0.0,0.0,0.0
0.0,0.0,0.0,0.0
0.0,0.0,0.0,0.0
0.0,0.0,0.0,0.0
0.0,0.0,0.0,0.0
0.0,0.0,0.0,0.0
0.0,0.0,0.0,0.0
0.0,0.0,0.0,0.0
0.0,0.0,0.0,0.0
0.0,0.0,0.0,0.0
0.0,0.0,0.0,0.0
0.0,0.0,0.0,0.0
0.0,0.0,0.0,0.0
0.0,0.0,0.0,0.0
0.0,0.0,0.0,0.0
0.0,0.0,0.0,0.0
0.0,0.0,0.0,0.0
0.0,0.0,0.0,0.0
0.0,0.0,0.0,0.0
0.0,0.0,0.0,0.0
0.0,0.0,0.0,0.0
0.0,0.0,0.0,0.0
0.0,0.0,0.0,0.0
0.0,0.0,0.0,0.0
0.0,0.0,0.0,0.0
0.0,0.0,0.0,0.0
0.0,0.0,0.0,0.0
0.0,0.0,0.0,0.0
0.0,0.0,0.0,0.0
0.0,0.0,0.0,0.0
0.0,0.0,0.0,0.0
0.0,0.0,0.0,0.0
0.0,0.0,0.0,0.0
0.0,0.0,0.0,0.0
0.0,0.0,0.0,0.0
0.0,0.0,0.0,0.0
0.0,0.0,0.0,0.0
0.0,0.0,0.0,0.0
0.0,0.0,0.0,0.0
0.0,0.0,0.0,0.0
0.0,0.0,0.0,0.0
0.0,0.0,0.0,0.0
0.0,0.0,0.0,0.0
0.0,0.0,0.0,0.0
0.0,0.0,0.0,0.0
0.0,0.0,0.0,0.0
0.0,0.0,0.0,0.0
0.0,0.0,0.0,0.0
0.0,0.0,0.0,0.0
0.0,0.0,0.0,0.0
0.0,0.0,0.0,0.0
0.0,0.0,0.0,0.0
0.0,0.0,0.0,0.0
0.0,0.0,0.0,0.0
0.0,0.0,0.0,0.0
0.0,0.0,0.0,0.0
0.0,0.0,0.0,0.0
0.0,0.0,0.0,0.0
0.0,0.0,0.0,0.0
0.0,0.0,0.0,0.0
0.0,0.0,0.0,0.0
0.0,0.0,0.0,0.0
0.0,0.0,0.0,0.0
0.0,0.0,0.0,0.0
0.0,0.0,0.0,0.0
0.0,0.0,0.0,0.0
0.0,0.0,0.0,0.0
0.0,0.0,0.0,0.0
0.0,0.0,0.0,0.0
0.0,0.0,0.0,0.0
0.0,0.0,0.0,0.0
0.0,0.0,0.0,0.0
0.0,0.0,0.0,0.0
0.0,0.0,0.0,0.0
0.0,0.0,0.0,0.0
0.0,0.0,0.0,0.0
0.0,0.0,0.0,0.0
0.0,0.0,0.0,0.0
0.0,0.0,0.0,0.0
0.0,0.0,0.0,0.0
0.0,0.0,0.0,0.0
0.0,0.0,0.0,0.0
0.0,0.0,0.0,0.0
0.0,0.0,0.0,0.0
0.0,0.0,0.0,0.0
0.0,0.0,0.0,0.0
0.0,0.0,0.0,0.0
0.0,0.0,0.0,0.0
0.0,0.0,0.0,0.0
0.0,0.0,0.0,0.0
0.0,0.0,0.0,0.0
0.0,0.0,0.0,0.0
0.0,0.0,0.0,0.0
0.0,0.0,0.0,0.0
0.0,0.0,0.0,0.0
0.0,0.0,0.0,0.0
0.0,0.0,0.0,0.0
0.0,0.0,0.0,0.0
0.0,0.0,0.0,0.0
0.0,0.0,0.0,0.0
0.0,0.0,0.0,0.0
0.0,0.0,0.0,0.0
0.0,0.0,0.0,0.0
0.0,0.0,0.0,0.0
0.0,0.0,0.0,0.0
0.0,0.0,0.0,0.0
0.0,0.0,0.0,0.0
0.0,0.0,0.0,0.0
0.0,0.0,0.0,0.0
0.0,0.0,0.0,0.0
